volume,lfd Nr.,Signatur-Fonds,Signatur-Nr.,datum,when,notBefore,notAfter,ort,region,region_konk,form,flags
Aberle/Prescher 1997,35,Urk.,1,879 November 22,0879-11-22,,,Regensburg,Österreich,Österreich,,
Aberle/Prescher 1997,57,Urk.,3,1149 Januar 15,1149-01-15,,,Magdeburg,Erzbistum Magdeburg,Eb Magdeburg,,
Aberle/Prescher 1997,80,Urk.,4,[Nach 1227 September 14],,1227-09-14,,,Thüringen und Harzraum: weitere Empfänger in Erfurt,Thüringen/Harzraum,,terminus post quem seulement
Aberle/Prescher 1997,58,Urk.,5,1246 Juli 19,1246-07-19,,,Magdeburg,Erzbistum Magdeburg,Eb Magdeburg,,
Aberle/Prescher 1997,7,Urk.,6,1270 März 7,1270-03-07,,,,Mittelrhein,Mittelrhein,,
Aberle/Prescher 1997,8,Urk.,7,1270 Dezember 21,1270-12-21,,,,Mittelrhein,Mittelrhein,,
Aberle/Prescher 1997,9,Urk.,8,1290 Mai 12,1290-05-12,,,[Worms],Mittelrhein,Mittelrhein,,
Müller et al. 2007,1,Urk.,9,1295 April,,1295-04-01,1295-04-30,,Frankreich,Frankreich,"Grundstücksbesitz, inseriert: Grundstücksverkauf",
Aberle/Prescher 1997,85,Urk.,10,1297 Juli 26,1297-07-26,,,,Thüringen und Harzraum: geistliche und weltliche Empfänger,Thüringen/Harzraum,,
Aberle/Prescher 1997,10,Urk.,11,1300 Mai 28,1300-05-28,,,,Mittelrhein,Mittelrhein,,
Aberle/Prescher 1997,11,Urk.,13,1307 Juli 27,1307-07-27,,,,Mittelrhein,Mittelrhein,,"OCR ""Juli IT"" corrigé d après la concordance (27)"
Aberle/Prescher 1997,26,Urk.,20,1326 September 27,1326-09-27,,,Nürnberg,Bayern,Bayern,,
Aberle/Prescher 1997,22,Urk.,22,1336 Juni 9,1336-06-09,,,[Speyer],Oberrhein,Oberrhein,Inserierung,
Aberle/Prescher 1997,47,Urk.,23,1337 Dezember 28,1337-12-28,,,,Niedersachsen und Hamburg,Niedersachsen/Hamburg,,
Aberle/Prescher 1997,46,Urk.,24,1337 März 30,1337-03-30,,,,Niedersachsen und Hamburg,Niedersachsen/Hamburg,,
Aberle/Prescher 1997,81,Urk.,26,1339 Juli 17,1339-07-17,,,Erfurt,Thüringen und Harzraum: weitere Empfänger in Erfurt,Thüringen/Harzraum,,
Aberle/Prescher 1997,12,Urk.,28,1346 Januar 2,1346-01-02,,,,Mittelrhein,Mittelrhein,,
Müller et al. 2007,36,Urk.,29,1349 August 8,1349-08-08,,,Sacili (Prov. Udine),"Italien, übriges","Italien, übriges",Notariatsinstrument,
Aberle/Prescher 1997,1,Urk.,30,1349 September 3,1349-09-03,,,Köln,Niederrhein,Niederrhein,,
Aberle/Prescher 1997,36,Urk.,31,1352 April 12,1352-04-12,,,Winterthur,Österreich,Österreich,,
Aberle/Prescher 1997,86,Urk.,33,1352 Juli 8,1352-07-08,,,,Thüringen und Harzraum: geistliche und weltliche Empfänger,Thüringen/Harzraum,,
Müller et al. 2007,37,Urk.,34,1353 August 1,1353-08-01,,,Prag,"Italien, übriges","Italien, übriges",Privileg,
Aberle/Prescher 1997,13,Urk.,37,1356 Februar 17,1356-02-17,,,Oppenheim,Mittelrhein,Mittelrhein,,
Aberle/Prescher 1997,87,Urk.,40,1358 April 20,1358-04-20,,,,Thüringen und Harzraum: geistliche und weltliche Empfänger,Thüringen/Harzraum,,
Aberle/Prescher 1997,2,Urk.,42,1361 April 19,1361-04-19,,,,Niederrhein,Niederrhein,,"date absente de la couche OCR du regeste, reprise de la concordance (p. 179)"
Aberle/Prescher 1997,37,Urk.,44,1362 Juni 25,1362-06-25,,,Haimburg,Österreich,Österreich,,
Aberle/Prescher 1997,38,Urk.,45,1362 September 3,1362-09-03,,,,Österreich,Österreich,,
Aberle/Prescher 1997,55,Urk.,47,[Nach 1365 Februar 20 bzw. nach 1365 April 22],,1365-02-20,,,Westfalen,Westfalen,Inserierung/Fragment,Inserierung/Fragment; date de l acte confirmant seulement approximative; bulle insérée 1365-02-20 ou 1365-04-22
Aberle/Prescher 1997,27,Urk.,48,1365 November 12,1365-11-12,,,,Bayern,Bayern,Fragment,
Aberle/Prescher 1997,39,Urk.,50,1366 Januar 17,1366-01-17,,,,Österreich,Österreich,,
Aberle/Prescher 1997,25,Urk.,54,1369 Juli 27,1369-07-27,,,Stuttgart,Schwaben,Schwaben,,
Aberle/Prescher 1997,88,Urk.,56,1370 Juni 8,1370-06-08,,,,Thüringen und Harzraum: geistliche und weltliche Empfänger,Thüringen/Harzraum,,
Müller et al. 2007,38,Urk.,57,1370 Juli 2,1370-07-02,,,Padua,"Italien, übriges","Italien, übriges","Notariatsinstrument, Grundstücksverkauf",
Aberle/Prescher 1997,3,Urk.,58,1377 April 9,1377-04-09,,,,Niederrhein,Niederrhein,,
Aberle/Prescher 1997,40,Urk.,59,1377 September 8,1377-09-08,,,Wien,Österreich,Österreich,,
Aberle/Prescher 1997,41,Urk.,60,1377 November 23,1377-11-23,,,Wien,Österreich,Österreich,,
Aberle/Prescher 1997,89,Urk.,62,1379 August 21,1379-08-21,,,,Thüringen und Harzraum: geistliche und weltliche Empfänger,Thüringen/Harzraum,,
Aberle/Prescher 1997,4,Urk.,64,1380 März,,1380-03-01,1380-03-31,[Köln],Niederrhein,Niederrhein,Fragment,
Aberle/Prescher 1997,28,Urk.,66,1383 Juli 12,1383-07-12,,,,Bayern,Bayern,,
Müller et al. 2007,25,Urk.,68,1384 Juni 25,1384-06-25,,,Venedig,"Italien, Venedig","Italien, Venedig","Notariatsinstrument, Hausverkauf",
Aberle/Prescher 1997,29,Urk.,70,1385 November 10,1385-11-10,,,,Bayern,Bayern,,
Aberle/Prescher 1997,30,Urk.,72,1387 April 9,1387-04-09,,,,Bayern,Bayern,,
Aberle/Prescher 1997,23,Urk.,74,1390 Dezember 19,1390-12-19,,,[Zabern],Oberrhein,Oberrhein,Fragment,
Aberle/Prescher 1997,48,Urk.,76,1392 Februar 21,1392-02-21,,,,Niedersachsen und Hamburg,Niedersachsen/Hamburg,,
Aberle/Prescher 1997,49,Urk.,81,1400 Juli 13,1400-07-13,,,,Niedersachsen und Hamburg,Niedersachsen/Hamburg,,
Aberle/Prescher 1997,90,Urk.,83,1402 Mai 21,1402-05-21,,,Alten bürg,Thüringen und Harzraum: geistliche und weltliche Empfänger,Thüringen/Harzraum,,
Müller et al. 2007,19,Urk.,85,1407 Dezember 17,1407-12-17,,,Treviso,"Italien, Treviso","Italien, Treviso","Notariatsinstrument, Ehevertrag",
Müller et al. 2007,39,Urk.,87,1416 Mai 31,1416-05-31,,,Mailand,"Italien, übriges","Italien, übriges","Besitzübertragung, -rechte",
Aberle/Prescher 1997,82,Urk.,89,1424 März 10,1424-03-10,,,,Thüringen und Harzraum: weitere Empfänger in Erfurt,Thüringen/Harzraum,,
Aberle/Prescher 1997,50,Urk.,91,1428 Januar 8,1428-01-08,,,,Niedersachsen und Hamburg,Niedersachsen/Hamburg,,
Müller et al. 2007,20,Urk.,93,1430 März 31,1430-03-31,,,Treviso,"Italien, Treviso","Italien, Treviso",Kreditvertrag,
Aberle/Prescher 1997,83,Urk.,95,1433 Juli 28,1433-07-28,,,,Thüringen und Harzraum: weitere Empfänger in Erfurt,Thüringen/Harzraum,,
Aberle/Prescher 1997,31,Urk.,99,1437 Oktober 24,1437-10-24,,,Straubing,Bayern,Bayern,,
Aberle/Prescher 1997,60,Urk.,101,1444 Oktober 22,1444-10-22,,,,Thüringen und Harzraum: Kollegium zur Himmelspforte in Erfurt,Thüringen/Harzraum,,
Aberle/Prescher 1997,84,Urk.,103,1445 April 18,1445-04-18,,,,Thüringen und Harzraum: weitere Empfänger in Erfurt,Thüringen/Harzraum,,
Aberle/Prescher 1997,14,Urk.,105,1446,,1446-01-01,1446-12-31,,Mittelrhein,Mittelrhein,,
Müller et al. 2007,40,Urk.,107,1448 Dezember 7,1448-12-07,,,Aviano,"Italien, übriges","Italien, übriges",kirchliches Rechtsgutachten,
Aberle/Prescher 1997,61,Urk.,108,1449 Mai 2,1449-05-02,,,,Thüringen und Harzraum: Kollegium zur Himmelspforte in Erfurt,Thüringen/Harzraum,,
Aberle/Prescher 1997,62,Urk.,109,1449 Mai 26,1449-05-26,,,,Thüringen und Harzraum: Kollegium zur Himmelspforte in Erfurt,Thüringen/Harzraum,,
Aberle/Prescher 1997,93,Urk.,111,[15]51 März 11,1551-03-11,,,,Böhmen,Böhmen,,"cote 111 identique dans regeste et concordance, mais anormale dans la série chronologique (1449=108/109, 1451=112) : à vérifier sur pièce"
Aberle/Prescher 1997,56,Urk.,112,1451 Dezember 22,1451-12-22,,,Kloster Marienbrink zu Coesfeld,Westfalen,Westfalen,Fragment,
Müller et al. 2007,21,Urk.,114,1453 März 16,1453-03-16,,,"Treviso, Palazzo comunale","Italien, Treviso","Italien, Treviso","Notariatsinstrument, Schuldbegleichung",
Aberle/Prescher 1997,63,Urk.,116,1457 September 17,1457-09-17,,,,Thüringen und Harzraum: Kollegium zur Himmelspforte in Erfurt,Thüringen/Harzraum,,
Müller et al. 2007,41,Urk.,118,1458 Dezember 13,1458-12-13,,,Brescia,"Italien, übriges","Italien, übriges","Notariatsinstrument, Schulden",
Müller et al. 2007,26,Urk.,121,1460 September 13,1460-09-13,,,,"Italien, Venedig",Italien Venedig,Besitzübertragung,
Müller et al. 2007,55,Urk.,123,[14]65 Juli 11,1465-07-11,,,Buda,Ungarn,Ungarn,königliche Intervention in einen Konflikt,
Aberle/Prescher 1997,64,Urk.,124,1465 Oktober 9,1465-10-09,,,,Thüringen und Harzraum: Kollegium zur Himmelspforte in Erfurt,Thüringen/Harzraum,,
Müller et al. 2007,46,Urk.,126,[14]66 Juni 21,1466-06-21,,,Thorn,Polen,Polen,Schuldenvereinbarung,
Aberle/Prescher 1997,32,Urk.,128,1469 Februar 13,1469-02-13,,,Nürnberg,Bayern,Bayern,,
Aberle/Prescher 1997,65,Urk.,130,1470 November 22,1470-11-22,,,,Thüringen und Harzraum: Kollegium zur Himmelspforte in Erfurt,Thüringen/Harzraum,,
Aberle/Prescher 1997,66,Urk.,132,1471 September 19,1471-09-19,,,,Thüringen und Harzraum: Kollegium zur Himmelspforte in Erfurt,Thüringen/Harzraum,,
Aberle/Prescher 1997,67,Urk.,136,1474 Juli 23,1474-07-23,,,,Thüringen und Harzraum: Kollegium zur Himmelspforte in Erfurt,Thüringen/Harzraum,,
Aberle/Prescher 1997,68,Urk.,137,1474 Oktober 19,1474-10-19,,,,Thüringen und Harzraum: Kollegium zur Himmelspforte in Erfurt,Thüringen/Harzraum,,
Aberle/Prescher 1997,42,Urk.,139,1475 Februar 4,1475-02-04,,,,Österreich,Österreich,,
Aberle/Prescher 1997,69,Urk.,140,1475 Mai 9,1475-05-09,,,,Thüringen und Harzraum: Kollegium zur Himmelspforte in Erfurt,Thüringen/Harzraum,,
Aberle/Prescher 1997,15,Urk.,141,1475 September 20,1475-09-20,,,Dirmstein,Mittelrhein,Mittelrhein,,
Aberle/Prescher 1997,70,Urk.,143,1476 Dezember 17,1476-12-17,,,,Thüringen und Harzraum: Kollegium zur Himmelspforte in Erfurt,Thüringen/Harzraum,,
Aberle/Prescher 1997,71,Urk.,145,1477 September 22,1477-09-22,,,,Thüringen und Harzraum: Kollegium zur Himmelspforte in Erfurt,Thüringen/Harzraum,,
Aberle/Prescher 1997,16,Urk.,147,1478 Februar 9,1478-02-09,,,,Mittelrhein,Mittelrhein,,
Aberle/Prescher 1997,24,Urk.,148,1478 April 13,1478-04-13,,,Straßburg (Argentina),Oberrhein,Oberrhein,,
Aberle/Prescher 1997,72,Urk.,149,1478 Oktober 27,1478-10-27,,,,Thüringen und Harzraum: Kollegium zur Himmelspforte in Erfurt,Thüringen/Harzraum,,
Aberle/Prescher 1997,43,Urk.,151,1482 April 30,1482-04-30,,,Freystadt,Schlesien,Schlesien,,
Aberle/Prescher 1997,5,Urk.,153,1485 August 26,1485-08-26,,,,Niederrhein,Niederrhein,,
Aberle/Prescher 1997,17,Urk.,155,1487 Juli 26,1487-07-26,,,,Mittelrhein,Mittelrhein,,
Aberle/Prescher 1997,73,Urk.,156,[14]87 November 22,1487-11-22,,,,Thüringen und Harzraum: Kollegium zur Himmelspforte in Erfurt,Thüringen/Harzraum,,
Aberle/Prescher 1997,51,Urk.,158,1488 Juni 9,1488-06-09,,,,Niedersachsen und Hamburg,Niedersachsen/Hamburg,,
Aberle/Prescher 1997,33,Urk.,159,1488 August 3,1488-08-03,,,Nürnberg,Bayern,Bayern,,
Aberle/Prescher 1997,74,Urk.,161,1489 Juni 13,1489-06-13,,,,Thüringen und Harzraum: Kollegium zur Himmelspforte in Erfurt,Thüringen/Harzraum,,
Müller et al. 2007,27,Urk.,171,1501 Februar 3,1501-02-03,,,"Venedig, Pfarrei (confinium) St. Gervasius","Italien, Venedig","Italien, Venedig","Notariatsinstrument, Testament",
Aberle/Prescher 1997,18,Urk.,172,1500 März 6,1500-03-06,,,Frankenthal,Mittelrhein,Mittelrhein,,
Aberle/Prescher 1997,59,Urk.,173,1503 Mai 21,1503-05-21,,,Lebus,Brandenburg,Brandenburg,Inserierung,
Müller et al. 2007,22,Urk.,174,1504 September 30,1504-09-30,,,,"Italien, Treviso","Italien, Treviso","Notariatsinstrument, Verkauf von Besitz",
Aberle/Prescher 1997,44,Urk.,176,1507 Juli 7,1507-07-07,,,Wohlau,Schlesien,Schlesien,,
Aberle/Prescher 1997,75,Urk.,178,1512 März 30,1512-03-30,,,,Thüringen und Harzraum: Kollegium zur Himmelspforte in Erfurt,Thüringen/Harzraum,,
Aberle/Prescher 1997,45,Urk.,180,1513 April 25,1513-04-25,,,Breslau,Schlesien,Schlesien,,
Aberle/Prescher 1997,6,Urk.,182,1520 März 25,1520-03-25,,,,Niederrhein,Niederrhein,,
Aberle/Prescher 1997,76,Urk.,184,1523 August 28,1523-08-28,,,,Thüringen und Harzraum: Kollegium zur Himmelspforte in Erfurt,Thüringen/Harzraum,,
Aberle/Prescher 1997,77,Urk.,186,1524 Februar 20,1524-02-20,,,,Thüringen und Harzraum: Kollegium zur Himmelspforte in Erfurt,Thüringen/Harzraum,,
Aberle/Prescher 1997,34,Urk.,188,1526 Januar 16,1526-01-16,,,Nürnberg,Bayern,Bayern,,
Aberle/Prescher 1997,52,Urk.,190,1538 Dezember 7,1538-12-07,,,,Niedersachsen und Hamburg,Niedersachsen/Hamburg,,
Aberle/Prescher 1997,92,Urk.,192,1539 Mai 12,1539-05-12,,,,Böhmen,Böhmen,,
Müller et al. 2007,23,Urk.,193,1539 Mai 16,1539-05-16,,,"Treviso, im Haus des Notars Petrus de Bononia","Italien, Treviso","Italien, Treviso","Notariatsinstrument, Verkauf eines Feldes",
Müller et al. 2007,28,Urk.,195,1542 März 4,1542-03-04,,,"Venedig, Markusplatz, Notariat des Johannes Maria de Cauancis","Italien, Venedig","Italien, Venedig","Notariatsinstrument, Verkauf von Feldern",
Aberle/Prescher 1997,19,Urk.,197,1543 November 28,1543-11-28,,,Aschaffenburg,Mittelrhein,Mittelrhein,,
Müller et al. 2007,42,Urk.,201,1551 April 20,1551-04-20,,,Rom,"Italien, übriges","Italien, übriges","päpstliche Absolution von Kirchenstrafen, Dispens",
Aberle/Prescher 1997,91,Urk.,203,1554 Februar 13,1554-02-13,,,Dresden,Thüringen und Harzraum: geistliche und weltliche Empfänger,Thüringen/Harzraum,,
Müller et al. 2007,43,Urk.,205,1561 Januar 29,1561-01-29,,,"Bassano, im Haus des Notars Johannes Ottelus","Italien, übriges","Italien, übriges","Notariatsinstrument, Verkauf eines Feldes",
Müller et al. 2007,29,Urk.,207,1572 Januar 21,1572-01-21,,,[Venedig],"Italien, Venedig","Italien, Venedig","Notariatsinstrument, Testamentseröffnung",
Müller et al. 2007,24,Urk.,209,1581 Juli 3,1581-07-03,,,Treviso,"Italien, Treviso","Italien, Treviso",Besitzübertragung,
Aberle/Prescher 1997,53,Urk.,211,[15]91 April 5 [alter Stil],1591-04-05,,,,Niedersachsen und Hamburg,Niedersachsen/Hamburg,,
Müller et al. 2007,44,Urk.,213,1592 August 21,1592-08-21,,,"Rom, St. Markus","Italien, übriges","Italien, übriges",päpstliche Regelung von Pfründeneinkommen,
Müller et al. 2007,30,Urk.,215,(1605 vor Mai),,1605-01-01,1605-04-30,,"Italien, Venedig","Italien, Venedig",Ernennung zum Podestà,(1605 vor Mai)
Aberle/Prescher 1997,54,Urk.,221,1601 Januar 31,1601-01-31,,,,Niedersachsen und Hamburg,Niedersachsen/Hamburg,,
Aberle/Prescher 1997,78,Urk.,223,1610 April 8 [alter Stil],1610-04-08,,,Erfurt,Thüringen und Harzraum: Kollegium zur Himmelspforte in Erfurt,Thüringen/Harzraum,,alter Stil (julien)
Aberle/Prescher 1997,79,Urk.,225,1623 Oktober 24 [alter Stil],1623-10-24,,,,Thüringen und Harzraum: Kollegium zur Himmelspforte in Erfurt,Thüringen/Harzraum,,
Aberle/Prescher 1997,94,Urk.,227,1684 April 7,1684-04-07,,,Stolp/Siupsk,Pommern,Pommern,,
Müller et al. 2007,33,Urk.,231,1706 Juni 25,1706-06-25,,,"Rom, S. Maria Maggiore","Italien, Venedig","Italien, Venedig",päpstliche Regelung von Kirchenämtern,
Müller et al. 2007,34,Urk.,233,1706 August 2,1706-08-02,,,,"Italien, Venedig","Italien, Venedig",Glaubensbekenntnis,
Müller et al. 2007,35,Urk.,235,1715 Juli 30,1715-07-30,,,"Rom, S. Maria Maggiore","Italien, Venedig","Italien, Venedig",päpstliche Regelung der Kirchengutsverwaltung,
Aberle/Prescher 1997,20,Urk.,236,1715 August 6,1715-08-06,,,,Mittelrhein,Mittelrhein,,
Aberle/Prescher 1997,21,Urk.,238,1718 August 5,1718-08-05,,,Rom,Mittelrhein,Mittelrhein,,
Müller et al. 2007,45,Urk.,240,1738 Mai 5,1738-05-05,,,"Padua, im Bischofspalast","Italien, übriges","Italien, übriges",Doktordiplom,
Müller et al. 2007,47,Urk.,242,1770 Juli 17,1770-07-17,,,"Rom, S. Maria Maggiore",Polen,Polen,päpstliche Regelung von Kirchenämtern,
Müller et al. 2007,52,Urk.,252,[14./15 Jh.] April 22,,1301-04-22,1500-04-22,Briviesca,Spanien,Spanien,"Notariatsinstrument, Verkauf eines Grundstücks",siècle seulement
Müller et al. 2007,31,Urk.,254,1657 April 11,1657-04-11,,,"Venedig, Dogenpalast","Italien, Venedig","Italien, Venedig",Anweisung zur Schuldvollstreckung,
Müller et al. 2007,32,Urk.,255,1666 Juli 16,1666-07-16,,,"[Venedig, Dogenpalast]","Italien, Venedig","Italien, Venedig",Beglaubigungsschreiben,
Müller et al. 2007,10,Urk.,256,1305 Februar 19,1305-02-19,,,"Torcello, Venedig, Kloster St. Thomas","Italien, Torcello – Kreta","Italien, Torcello –",Pachtvertrag,
Müller et al. 2007,9,Urk.,257,1304 März 8,1304-03-08,,,,"Italien, Torcello – Kreta","Italien, Torcello –",Besitzübertragung,
Müller et al. 2007,4,Urk.,258,1218 Mai 30,1218-05-30,,,"Konstantinopel, Hagia Sophia","Italien, Torcello – Kreta","Italien, Torcello –",Besitzbestätigung,
Müller et al. 2007,6,Urk.,259,1243 Februar 25,1243-02-25,,,,"Italien, Torcello – Kreta","Italien, Torcello –",notarielle Abschrift einer Urkunde,
Müller et al. 2007,5,Urk.,260,1232 Juli,,1232-07-01,1232-07-31,,"Italien, Torcello – Kreta","Italien, Torcello –",bischöfliche Regelung kirchenrechtlicher Ansprüche,
Müller et al. 2007,18,Urk.,261,1304 Januar 23,1304-01-23,,,[Treviso],"Italien, Treviso","Italien, Treviso","Notariatsinstrument, Abschrift einer Erbteilung",3 entrées dans la table (inserts)
Müller et al. 2007,7,Urk.,262,1279 August 2,1279-08-02,,,Rialto (Venedig),"Italien, Torcello – Kreta","Italien, Torcello –","Notariatsinstrument, Pachtvertrag",
Müller et al. 2007,12,Urk.,263,1328 Januar 25,1328-01-25,,,"Torcello, Venedig, im Kloster St. Margarethe","Italien, Torcello – Kreta","Italien, Torcello –",Regelung von Besitzansprüchen,cote 263 partagée avec Nr. 12a (même parchemin)
Müller et al. 2007,12a,Urk.,263,1328 Januar 25,1328-01-25,,,"Torcello, Venedig, im Kloster St. Margarethe","Italien, Torcello – Kreta","Italien, Torcello –","Notarsinstrument, Anerkennung eines Schiedsverfahrens",cote 263 partagée avec Nr. 12
Müller et al. 2007,11,Urk.,264,1309 (März) 3,1309-03-03,,,Malamocco,"Italien, Torcello – Kreta","Italien, Torcello –","Notariatsinstrument, Appellation an den Papst","mois suppléé par les éditeurs ""(März)"""
Müller et al. 2007,13,Urk.,265,1328 Januar 25,1328-01-25,,,"Torcello, Venedig, im Kloster St. Thomas","Italien, Torcello – Kreta","Italien, Torcello –","Notarsinstrument, Anerkennung eines Schiedsverfahrens",
Müller et al. 2007,15,Urk.,267,1338 April 1,1338-04-01,,,"Torcello, Venedig, Kloster St. Thomas","Italien, Torcello – Kreta","Italien, Torcello –","Notariatsinstrument, Pachtvertrag",
Müller et al. 2007,14,Urk.,268,1330 Januar 10,1330-01-10,,,Kloster St. Jakob di Palude,"Italien, Torcello – Kreta","Italien, Torcello –","Notariatsinstrument, Bestätigung der Zisterzienserregel",
Müller et al. 2007,17,Urk.,269,1381 Juni 2,1381-06-02,,,,"Italien, Torcello – Kreta","Italien, Torcello –",Notariatsinstrument,4 entrées dans la table (inserts)
Müller et al. 2007,16,Urk.,270,1340 März 15,1340-03-15,,,Rialto (Venedig),"Italien, Torcello – Kreta","Italien, Torcello –",Bestätigung einer Schenkungsurkunde,3 entrées dans la table (inserts)
Müller et al. 2007,2,Urk.,17 a,(1353 Frühjahr),,1353-01-01,1353-06-30,,Frankreich,Frankreich,Supplik um Verleihung einer Pfründe,(1353 Frühjahr) : bornes conventionnelles
Müller et al. 2007,3,Urk.,17 b,(1378–1417),,1378-01-01,1417-12-31,,Frankreich,Frankreich,Supplik um Verleihung einer Pfründe,(1378–1417)
Müller et al. 2007,51,Urk.,251 a,1518 März 15,1518-03-15,,,Granada,Spanien,Spanien,"Notariatsinstrument, Prozessbericht",table chronologique : Geographische Zuordnung manquante pour la ligne 1517 Juli 21 (insert)
Müller et al. 2007,49,Urk.,251 b,1417 Oktober 9,1417-10-09,,,Sevilla,Spanien,Spanien,"Notariatsinstrument, Besitzverkauf",
Müller et al. 2007,50,Urk.,251 c,1516 Januar 11,1516-01-11,,,Florenz (in der Residenz des Ausstellers),Spanien,Spanien,Visitationsinstruktionen,2 entrées dans la table (inserts)
Müller et al. 2007,48,Urk.,251 d,1320 Oktober 7,1320-10-07,,,Arjona,Spanien,Spanien,bischöfliche Bekanntmachung eines päpstlichen Privilegs,2 entrées dans la table (inserts)
Müller et al. 2007,53,Urk.,253 I,1735 September 24,1735-09-24,,,,Türkei,Türkei,Kopfsteuer,
Müller et al. 2007,54,Urk.,253 II,1826 Juli 6,1826-07-06,,,,Türkei,Türkei,Befreiung vom Schiffszoll,
Müller et al. 2007,8,Urk.,266/266 a,1303 April 10,1303-04-10,,,,"Italien, Torcello – Kreta","Italien, Torcello –",Verzeichnis von Ländereien und Besitztümern,
